-- ============================================
-- HEALTHCARE CLAIMS ANALYTICS PROJECT
-- Rakshith Chandupatla
-- ============================================

-- Step 1: Setup
CREATE OR REPLACE WAREHOUSE HEALTHCARE_WH
  WAREHOUSE_SIZE = 'X-SMALL'
  AUTO_SUSPEND = 60
  AUTO_RESUME = TRUE;

CREATE OR REPLACE DATABASE HEALTHCARE_DB;
CREATE OR REPLACE SCHEMA HEALTHCARE_DB.CLAIMS;

USE DATABASE HEALTHCARE_DB;
USE SCHEMA CLAIMS;
USE WAREHOUSE HEALTHCARE_WH;

-- Step 2: Create raw claims table
CREATE OR REPLACE TABLE RAW_CLAIMS (
    CLAIM_ID        VARCHAR(20),
    PATIENT_ID      VARCHAR(20),
    PROVIDER_ID     VARCHAR(20),
    DIAGNOSIS_CODE  VARCHAR(10),
    PROCEDURE_CODE  VARCHAR(10),
    CLAIM_DATE      DATE,
    PAID_AMOUNT     DECIMAL(10,2),
    CLAIM_STATUS    VARCHAR(20),
    PAYER_TYPE      VARCHAR(30),
    STATE           VARCHAR(2)
);

-- Step 3: Insert sample data
INSERT INTO RAW_CLAIMS VALUES
('CLM001','PAT001','PRV001','E11.9','99213','2024-01-05',150.00,'PAID','MEDICARE','NY'),
('CLM002','PAT002','PRV002','I10','99214','2024-01-08',200.00,'PAID','MEDICAID','NJ'),
('CLM003','PAT003','PRV001','J45.901','94640','2024-01-12',320.00,'DENIED','COMMERCIAL','CA'),
('CLM004','PAT004','PRV003','E11.9','99213','2024-01-15',150.00,'PAID','MEDICARE','TX'),
('CLM005','PAT005','PRV002','I10','99215','2024-01-18',250.00,'PENDING','COMMERCIAL','NY'),
('CLM006','PAT006','PRV004','E78.5','80061','2024-02-01',180.00,'PAID','MEDICARE','FL'),
('CLM007','PAT007','PRV001','J45.901','99213','2024-02-05',150.00,'PAID','MEDICAID','NJ'),
('CLM008','PAT008','PRV003','I10','99214','2024-02-10',200.00,'DENIED','MEDICARE','CA'),
('CLM009','PAT009','PRV005','E11.9','99215','2024-02-14',250.00,'PAID','COMMERCIAL','TX'),
('CLM010','PAT010','PRV002','E78.5','80061','2024-02-20',180.00,'PAID','MEDICAID','NY');

-- ============================================
-- Step 4: Analytics Views
-- ============================================

-- View 1: Claims summary by payer type
CREATE OR REPLACE VIEW VW_CLAIMS_BY_PAYER AS
SELECT
    PAYER_TYPE,
    COUNT(CLAIM_ID)         AS TOTAL_CLAIMS,
    SUM(PAID_AMOUNT)        AS TOTAL_PAID,
    AVG(PAID_AMOUNT)        AS AVG_CLAIM_AMOUNT,
    COUNT(CASE WHEN CLAIM_STATUS = 'DENIED' THEN 1 END) AS DENIED_CLAIMS,
    ROUND(COUNT(CASE WHEN CLAIM_STATUS = 'DENIED' THEN 1 END) * 100.0 / COUNT(CLAIM_ID), 2) AS DENIAL_RATE_PCT
FROM RAW_CLAIMS
GROUP BY PAYER_TYPE;

-- View 2: Claims by diagnosis code
CREATE OR REPLACE VIEW VW_CLAIMS_BY_DIAGNOSIS AS
SELECT
    DIAGNOSIS_CODE,
    COUNT(CLAIM_ID)         AS TOTAL_CLAIMS,
    SUM(PAID_AMOUNT)        AS TOTAL_PAID,
    AVG(PAID_AMOUNT)        AS AVG_PAID,
    CLAIM_STATUS
FROM RAW_CLAIMS
GROUP BY DIAGNOSIS_CODE, CLAIM_STATUS
ORDER BY TOTAL_CLAIMS DESC;

-- View 3: Monthly claims trend
CREATE OR REPLACE VIEW VW_MONTHLY_TREND AS
SELECT
    DATE_TRUNC('MONTH', CLAIM_DATE) AS CLAIM_MONTH,
    COUNT(CLAIM_ID)                 AS TOTAL_CLAIMS,
    SUM(PAID_AMOUNT)                AS TOTAL_PAID,
    AVG(PAID_AMOUNT)                AS AVG_PAID
FROM RAW_CLAIMS
GROUP BY CLAIM_MONTH
ORDER BY CLAIM_MONTH;

-- Step 5: Query the views
SELECT * FROM VW_CLAIMS_BY_PAYER;
SELECT * FROM VW_CLAIMS_BY_DIAGNOSIS;
SELECT * FROM VW_MONTHLY_TREND;

-- ============================================
-- Step 6: Star Schema (Data Warehouse Layer)
-- ============================================

-- Dimension: Providers
CREATE OR REPLACE TABLE DIM_PROVIDER (
    PROVIDER_KEY    NUMBER AUTOINCREMENT PRIMARY KEY,
    PROVIDER_ID     VARCHAR(20),
    PROVIDER_NAME   VARCHAR(100),
    SPECIALTY       VARCHAR(50),
    STATE           VARCHAR(2)
);

-- Dimension: Patients
CREATE OR REPLACE TABLE DIM_PATIENT (
    PATIENT_KEY     NUMBER AUTOINCREMENT PRIMARY KEY,
    PATIENT_ID      VARCHAR(20),
    AGE_GROUP       VARCHAR(20),
    STATE           VARCHAR(2)
);

-- Dimension: Date
CREATE OR REPLACE TABLE DIM_DATE (
    DATE_KEY        DATE PRIMARY KEY,
    YEAR            NUMBER,
    MONTH           NUMBER,
    MONTH_NAME      VARCHAR(10),
    QUARTER         NUMBER
);

-- Fact Table: Claims
CREATE OR REPLACE TABLE FACT_CLAIMS (
    CLAIM_ID        VARCHAR(20) PRIMARY KEY,
    PATIENT_ID      VARCHAR(20),
    PROVIDER_ID     VARCHAR(20),
    CLAIM_DATE      DATE,
    DIAGNOSIS_CODE  VARCHAR(10),
    PROCEDURE_CODE  VARCHAR(10),
    PAID_AMOUNT     DECIMAL(10,2),
    CLAIM_STATUS    VARCHAR(20),
    PAYER_TYPE      VARCHAR(30)
);

-- Populate dimensions
INSERT INTO DIM_PROVIDER (PROVIDER_ID, PROVIDER_NAME, SPECIALTY, STATE) VALUES
('PRV001','Dr. Smith','Primary Care','NY'),
('PRV002','Dr. Johnson','Cardiology','NJ'),
('PRV003','Dr. Williams','Endocrinology','CA'),
('PRV004','Dr. Brown','Internal Medicine','FL'),
('PRV005','Dr. Davis','Primary Care','TX');

INSERT INTO DIM_PATIENT (PATIENT_ID, AGE_GROUP, STATE) VALUES
('PAT001','65+','NY'),('PAT002','45-64','NJ'),('PAT003','25-44','CA'),
('PAT004','65+','TX'),('PAT005','45-64','NY'),('PAT006','65+','FL'),
('PAT007','25-44','NJ'),('PAT008','65+','CA'),('PAT009','45-64','TX'),
('PAT010','45-64','NY');

INSERT INTO DIM_DATE VALUES
('2024-01-05',2024,1,'January',1),('2024-01-08',2024,1,'January',1),
('2024-01-12',2024,1,'January',1),('2024-01-15',2024,1,'January',1),
('2024-01-18',2024,1,'January',1),('2024-02-01',2024,2,'February',1),
('2024-02-05',2024,2,'February',1),('2024-02-10',2024,2,'February',1),
('2024-02-14',2024,2,'February',1),('2024-02-20',2024,2,'February',1);

-- Populate fact table from raw claims
INSERT INTO FACT_CLAIMS
SELECT CLAIM_ID, PATIENT_ID, PROVIDER_ID, CLAIM_DATE,
       DIAGNOSIS_CODE, PROCEDURE_CODE, PAID_AMOUNT, CLAIM_STATUS, PAYER_TYPE
FROM RAW_CLAIMS;

-- Final analytical query joining all layers
SELECT
    p.PROVIDER_NAME,
    p.SPECIALTY,
    pt.AGE_GROUP,
    d.MONTH_NAME,
    f.PAYER_TYPE,
    COUNT(f.CLAIM_ID)   AS TOTAL_CLAIMS,
    SUM(f.PAID_AMOUNT)  AS TOTAL_PAID,
    AVG(f.PAID_AMOUNT)  AS AVG_PAID
FROM FACT_CLAIMS f
JOIN DIM_PROVIDER p  ON f.PROVIDER_ID = p.PROVIDER_ID
JOIN DIM_PATIENT  pt ON f.PATIENT_ID  = pt.PATIENT_ID
JOIN DIM_DATE     d  ON f.CLAIM_DATE  = d.DATE_KEY
GROUP BY p.PROVIDER_NAME, p.SPECIALTY, pt.AGE_GROUP, d.MONTH_NAME, f.PAYER_TYPE
ORDER BY TOTAL_PAID DESC;